{"params": [3.7852479740655767, 3.4790188830396245, 1.3366087844434769, 5.945115649567741, 4.9090278648781, 0.7129191202810086, 5.849200078880229, 6.12138202940944, 6.257620546886081, 0.35104881816388384, 4.630930981298192, 3.4300899460582865], "feature_scaler_data": {"scale_": [0.005154639175257732, 1.02268512927311, 1.090909090909091, 1.0], "min_": [0.0, -0.01472000678001292, 0.0, 0.0], "data_min_": [0.0, 0.014393488629755868, 0.0, 0.0], "data_max_": [194.0, 0.9922115592912175, 0.9166666666666666, 1.0], "data_range_": [194.0, 0.9778180706614616, 0.9166666666666666, 1.0]}}